model,score_test,score_val,eval_metric,pred_time_test,pred_time_val,fit_time,pred_time_test_marginal,pred_time_val_marginal,fit_time_marginal,stack_level,can_infer,fit_order
LightGBM,0.38095238095238093,0.29411764705882354,accuracy,0.0027463436126708984,0.005999088287353516,2.2784953117370605,0.0027463436126708984,0.005999088287353516,2.2784953117370605,1,True,1
WeightedEnsemble_L2,0.38095238095238093,0.29411764705882354,accuracy,0.006295919418334961,0.007002353668212891,2.3346216678619385,0.0035495758056640625,0.001003265380859375,0.05612635612487793,2,True,6
ExtraTrees,0.19047619047619047,0.17647058823529413,accuracy,0.08336162567138672,0.03255486488342285,0.3062918186187744,0.08336162567138672,0.03255486488342285,0.3062918186187744,1,True,4
LinearModel,0.14285714285714285,0.17647058823529413,accuracy,0.028248071670532227,0.0021600723266601562,4.866268157958984,0.028248071670532227,0.0021600723266601562,4.866268157958984,1,True,5
RandomForest,0.14285714285714285,0.11764705882352941,accuracy,0.08225202560424805,0.020126819610595703,0.2644627094268799,0.08225202560424805,0.020126819610595703,0.2644627094268799,1,True,2
CatBoost,0.09523809523809523,0.17647058823529413,accuracy,0.023946762084960938,0.001001119613647461,0.33599090576171875,0.023946762084960938,0.001001119613647461,0.33599090576171875,1,True,3
